{"BLEU":0.03208362607800709,"ROUGE-L":0.178597782998684,"METEOR":0.3211380316486853,"Results":{"artifact_path":"wandb-client-artifact://ura4wjpjae2ua3uc2u0lu2ffnjiqphbd3h4k459oxo7ahaw3nycyay58i75dbaeqr2nleq04h7ap1qm6od5nbgu27uvy6cd5zl8hlwh0l21kyabooailcq51dzg7i9p2/Results.table.json","_latest_artifact_path":"wandb-client-artifact://h32z9ypod1h6ye07lnw278lbm22v5lf4bjza9sh2309fyy3w9ea7aw9juunf3936fmnqf5mkl1zu3dbc1dlud3lx9dzh2hvz0entnqaui11pwdf8wuty8vwmx3zvzr2r:latest/Results.table.json","path":"media/table/Results_0_d04d0497637f34c601ed.table.json","ncols":3,"nrows":4,"_type":"table-file","sha256":"d04d0497637f34c601eda0917c99e27e50eca1ac178c774815a09f432709452a","size":3303},"_wandb":{"runtime":29},"_timestamp":1.7477757401189358e+09,"_runtime":29.3312707,"_step":0}