{"_timestamp":1.7477757089111135e+09,"_runtime":31.6471325,"_wandb":{"runtime":31},"_step":0,"BLEU":0.02399042530462682,"ROUGE-L":0.1777368679430535,"METEOR":0.3053224704383322,"Results":{"ncols":3,"nrows":4,"_type":"table-file","sha256":"5d721fd8821f2ef2329c20ae8511e6e5d91800f8b2f0df10f48d0ff8f07ab24e","size":3176,"artifact_path":"wandb-client-artifact://46rnyuwb2hn511cllfr0c1yzscauow4ws3d89xb5bf9vfbkvo3pmjzkclqnmz8puz7a9q6fvlxb854x81d1gs2rjevmuxfnc1sp1zghzkwyhn1kkgfvlebg4urqt8nlz/Results.table.json","_latest_artifact_path":"wandb-client-artifact://irblqqpyh65vhijnknf7ptvr3d7fm94qbizr3yvwttbq9gl9mnqm6av8sjx5g3088sl3y0beerwkyscbs3gyx7uhd5qhqkk7ku429mxg5e6sxiwq101ykbxd3uvti0ep:latest/Results.table.json","path":"media/table/Results_0_5d721fd8821f2ef2329c.table.json"}}