{"METEOR":0.15498153433434297,"Results":{"_type":"table-file","sha256":"93439908d1f599d26b61177fc4b18a4fbdcb21d9de53896f4566245513227820","size":1205,"artifact_path":"wandb-client-artifact://veyzdqrc2hojaqg27jp7vay0b9cuuctp960b4dx838165vth7yizfvog74smudtjiicd1ccamj3ych9i8trb2wvzjeawvazcuz2isw5hjzuihzlautnz7b152wgxlyjb/Results.table.json","_latest_artifact_path":"wandb-client-artifact://07citcp5mg08j44u8lgejfphzx9mlwfzvw7rgfxlykz4mehhzzswcb4tywbpbg7qgofe37lacm7gm0k1pgb6jtj8ee2ns20ii9hzect27os2zog7i1tbfay6zk2fgy6c:latest/Results.table.json","path":"media/table/Results_0_93439908d1f599d26b61.table.json","ncols":3,"nrows":4},"_timestamp":1.747775675132958e+09,"_runtime":36.5142538,"_step":0,"_wandb":{"runtime":36},"BLEU":0,"ROUGE-L":0.22909364342553995}